{"cameraMode":{"drawMode":0,"name":"Shaded","section":"Shading Mode"},"sceneLighting":true,"audioPlay":false,"sceneViewState":{"showFog":false,"showMaterialUpdate":false,"showSkybox":false,"showFlares":false,"showImageEffects":false,"showParticleSystems":false},"in2DMode":false,"pivot":{"x":8.227925300598145,"y":5.049199104309082,"z":6.174849510192871},"rotation":{"x":-0.01790042407810688,"y":0.9572237133979797,"z":-0.06068529933691025,"w":-0.2823466956615448},"size":5.84797477722168,"orthographic":false}