{"cameraMode":{"drawMode":0,"name":"Shaded","section":"Shading Mode"},"sceneLighting":true,"audioPlay":false,"sceneViewState":{"showFog":false,"showMaterialUpdate":false,"showSkybox":false,"showFlares":false,"showImageEffects":false,"showParticleSystems":true},"in2DMode":false,"pivot":{"x":-16.916793823242189,"y":0.08138370513916016,"z":129.00735473632813},"rotation":{"x":0.031543929129838946,"y":-0.3212558627128601,"z":0.010707368142902851,"w":0.9464073777198792},"size":334.6561584472656,"orthographic":false}