{"cameraMode":{"drawMode":0,"name":"Shaded","section":"Shading Mode"},"sceneLighting":false,"audioPlay":false,"sceneViewState":{"showFog":false,"showMaterialUpdate":false,"showSkybox":false,"showFlares":false,"showImageEffects":false,"showParticleSystems":true},"in2DMode":false,"pivot":{"x":2.7899999618530275,"y":19.15999984741211,"z":27.829999923706056},"rotation":{"x":-0.035045985132455829,"y":0.6620073914527893,"z":-0.031014898791909219,"w":-0.7480348944664002},"size":4.286825656890869,"orthographic":false}