{"cameraMode":{"drawMode":0,"name":"Shaded","section":"Shading Mode"},"sceneLighting":true,"audioPlay":false,"sceneViewState":{"showFog":false,"showMaterialUpdate":false,"showSkybox":false,"showFlares":false,"showImageEffects":false,"showParticleSystems":true},"in2DMode":false,"pivot":{"x":-2.925119400024414,"y":-1.4261486530303956,"z":-3.1967153549194338},"rotation":{"x":-0.04379525035619736,"y":0.9409505128860474,"z":-0.1338578462600708,"w":-0.307857483625412},"size":17.18802833557129,"orthographic":false}