{"cameraMode":{"drawMode":0,"name":"Shaded","section":"Shading Mode"},"sceneLighting":true,"audioPlay":false,"sceneViewState":{"showFog":false,"showMaterialUpdate":false,"showSkybox":false,"showFlares":false,"showImageEffects":false,"showParticleSystems":true},"in2DMode":false,"pivot":{"x":1.0215940475463868,"y":-11.349519729614258,"z":16.049339294433595},"rotation":{"x":-0.3285074830055237,"y":-0.08992280811071396,"z":0.03143632411956787,"w":-0.9396853446960449},"size":37.41053771972656,"orthographic":false}