{"cameraMode":{"drawMode":0,"name":"Shaded","section":"Shading Mode"},"sceneLighting":false,"audioPlay":false,"sceneViewState":{"showFog":false,"showMaterialUpdate":false,"showSkybox":false,"showFlares":false,"showImageEffects":false,"showParticleSystems":true},"in2DMode":false,"pivot":{"x":3.0600013732910158,"y":4.920000076293945,"z":17.015016555786134},"rotation":{"x":-0.035045985132455829,"y":0.6620073914527893,"z":-0.031014898791909219,"w":-0.7480348944664002},"size":11.656953811645508,"orthographic":false}