{"cameraMode":{"drawMode":0,"name":"Shaded","section":"Shading Mode"},"sceneLighting":false,"audioPlay":false,"sceneViewState":{"showFog":false,"showMaterialUpdate":false,"showSkybox":false,"showFlares":false,"showImageEffects":false,"showParticleSystems":true},"in2DMode":false,"pivot":{"x":3.369999885559082,"y":4.389999866485596,"z":25.626842498779298},"rotation":{"x":-0.041839659214019778,"y":0.6089282631874085,"z":-0.03218897804617882,"w":-0.7914668321609497},"size":8.573651313781739,"orthographic":false}