{"cameraMode":{"drawMode":0,"name":"Shaded","section":"Shading Mode"},"sceneLighting":true,"audioPlay":false,"sceneViewState":{"showFog":false,"showMaterialUpdate":false,"showSkybox":false,"showFlares":false,"showImageEffects":false,"showParticleSystems":true},"in2DMode":false,"pivot":{"x":-14.618734359741211,"y":-3.6803786754608156,"z":5.5445990562438969},"rotation":{"x":-0.06657218933105469,"y":0.6102294325828552,"z":-0.05157041922211647,"w":-0.7877383232116699},"size":24.42365837097168,"orthographic":false}