{"cameraMode":{"drawMode":0,"name":"Shaded","section":"Shading Mode"},"sceneLighting":false,"audioPlay":false,"sceneViewState":{"showFog":false,"showMaterialUpdate":false,"showSkybox":false,"showFlares":false,"showImageEffects":false,"showParticleSystems":true},"in2DMode":false,"pivot":{"x":-0.18000000715255738,"y":0.5099999904632568,"z":0.0},"rotation":{"x":-0.06657218933105469,"y":0.6102294325828552,"z":-0.05157041922211647,"w":-0.7877383232116699},"size":0.5715768337249756,"orthographic":false}