{"cameraMode":{"drawMode":0,"name":"Shaded","section":"Shading Mode"},"sceneLighting":false,"audioPlay":false,"sceneViewState":{"showFog":true,"showMaterialUpdate":false,"showSkybox":true,"showFlares":true,"showImageEffects":true,"showParticleSystems":true},"in2DMode":false,"pivot":{"x":0.033090680837631229,"y":-0.007818102836608887,"z":0.004364430904388428},"rotation":{"x":-0.25256216526031496,"y":0.6562175750732422,"z":-0.24879123270511628,"w":-0.66611647605896},"size":4.1915059089660648,"orthographic":false}